QUADRIENIO_INI,QUADRIENIO_FIM,INDPRODART
2013,2016,0.2013671875
2017,2020,0.3068359375
2021,2024,0.1755859375
