QUADRIENIO_INI,QUADRIENIO_FIM,INDPRODART
2013,2016,1.56875
2017,2020,2.4875
2021,2024,2.8499999999999996
